{"cameraMode":{"drawMode":0,"name":"Shaded","section":"Shading Mode"},"sceneLighting":true,"audioPlay":false,"sceneViewState":{"m_AlwaysRefresh":true,"showFog":false,"showSkybox":true,"showFlares":true,"showImageEffects":false,"showParticleSystems":true,"showVisualEffectGraphs":true,"m_FxEnabled":true},"in2DMode":false,"pivot":{"x":529.6397705078125,"y":-164.3404998779297,"z":454.34967041015627},"rotation":{"x":0.07612364739179611,"y":0.48092490434646609,"z":-0.041903648525476459,"w":0.8726299405097961},"size":563.1143798828125,"orthographic":false}