{"cameraMode":{"drawMode":0,"name":"Shaded","section":"Shading Mode"},"sceneLighting":true,"audioPlay":false,"sceneViewState":{"m_AlwaysRefresh":true,"showFog":false,"showSkybox":true,"showFlares":true,"showImageEffects":false,"showParticleSystems":true,"showVisualEffectGraphs":true,"m_FxEnabled":true},"in2DMode":false,"pivot":{"x":11.58840560913086,"y":28.927490234375,"z":2.2044219970703127},"rotation":{"x":-0.007866214960813523,"y":0.8690663576126099,"z":-0.49470263719558718,"w":-0.013833696022629738},"size":247.67201232910157,"orthographic":false}